1509140.png,1
1509141.png,1
1509142.png,1
1509143.png,1
1509144.png,1
1509145.png,1
1509146.png,1
1509147.png,1
1509148.png,1
1509149.png,1
15091410.png,0
15091411.png,0
15091412.png,1
15091413.png,0
15091414.png,1
15091415.png,0
15091416.png,1
15091417.png,1
15091418.png,0
15091419.png,1
15091420.png,1
15091421.png,1
15091422.png,1
15091423.png,0
15091424.png,0
15091425.png,1
15091426.png,1
15091427.png,1
15091428.png,0
15091429.png,1
1511090.png,1
1511091.png,1
1511092.png,1
1511093.png,1
1511094.png,1
1511095.png,1
1511096.png,1
1511097.png,1
1511098.png,1
1511099.png,1
15110910.png,0
15110911.png,0
15110912.png,0
15110913.png,1
15110914.png,1
15110915.png,1
15110916.png,1
15110917.png,1
15110918.png,1
15110919.png,0
15110920.png,0
15110921.png,1
15110922.png,1
15110923.png,0
15110924.png,0
15110925.png,1
15110926.png,1
15110927.png,1
15110928.png,1
15110929.png,1
1512290.png,1
1512291.png,1
1512292.png,1
1512293.png,1
1512294.png,1
1512295.png,1
1512296.png,1
1512297.png,1
1512298.png,0
1512299.png,0
15122910.png,1
15122911.png,1
15122912.png,1
15122913.png,1
15122914.png,1
15122915.png,1
15122916.png,1
15122917.png,0
15122918.png,1
15122919.png,1
15122920.png,1
15122921.png,0
15122922.png,1
15122923.png,1
15122924.png,1
15122925.png,1
15122926.png,1
15122927.png,0
15122928.png,1
15122929.png,0
1513450.png,1
1513451.png,1
1513452.png,1
1513453.png,1
1513454.png,1
1513455.png,1
1513456.png,1
1513457.png,1
1513458.png,1
1513459.png,1
15134510.png,1
15134511.png,0
15134512.png,1
15134513.png,1
15134514.png,1
15134515.png,1
15134516.png,1
15134517.png,0
15134518.png,0
15134519.png,1
15134520.png,1
15134521.png,1
15134522.png,1
15134523.png,1
15134524.png,0
15134525.png,0
15134526.png,1
15134527.png,1
15134528.png,1
15134529.png,1
1515010.png,1
1515011.png,1
1515012.png,1
1515013.png,1
1515014.png,1
1515015.png,1
1515016.png,0
1515017.png,1
1515018.png,1
1515019.png,1
15150110.png,1
15150111.png,1
15150112.png,1
15150113.png,0
15150114.png,1
15150115.png,1
15150116.png,1
15150117.png,1
15150118.png,0
15150119.png,1
15150120.png,1
15150121.png,1
15150122.png,1
15150123.png,1
15150124.png,1
15150125.png,0
15150126.png,1
15150127.png,1
15150128.png,1
15150129.png,1
1516370.png,1
1516371.png,0
1516372.png,0
1516373.png,1
1516374.png,1
1516375.png,0
1516376.png,0
1516377.png,0
1516378.png,0
1516379.png,0
15163710.png,0
15163711.png,0
15163712.png,0
15163713.png,1
15163714.png,0
15163715.png,0
15163716.png,0
15163717.png,0
15163718.png,0
15163719.png,0
15163720.png,0
15163721.png,0
15163722.png,0
15163723.png,0
15163724.png,0
15163725.png,0
15163726.png,0
15163727.png,0
15163728.png,0
15163729.png,0
1517350.png,0
1517351.png,0
1517352.png,1
1517353.png,1
1517354.png,1
1517355.png,0
1517356.png,0
1517357.png,0
1517358.png,0
1517359.png,0
15173510.png,0
15173511.png,0
15173512.png,0
15173513.png,0
15173514.png,0
15173515.png,1
15173516.png,0
15173517.png,0
15173518.png,0
15173519.png,0
15173520.png,0
15173521.png,0
15173522.png,0
15173523.png,0
15173524.png,0
15173525.png,0
15173526.png,0
15173527.png,0
15173528.png,0
15173529.png,0
1518360.png,1
1518361.png,0
1518362.png,1
1518363.png,0
1518364.png,0
1518365.png,1
1518366.png,1
1518367.png,0
1518368.png,0
1518369.png,0
15183610.png,0
15183611.png,0
15183612.png,0
15183613.png,0
15183614.png,0
15183615.png,0
15183616.png,0
15183617.png,0
15183618.png,0
15183619.png,0
15183620.png,0
15183621.png,0
15183622.png,0
15183623.png,0
15183624.png,0
15183625.png,0
15183626.png,0
15183627.png,0
15183628.png,0
15183629.png,0
1519460.png,1
1519461.png,0
1519462.png,0
1519463.png,0
1519464.png,1
1519465.png,1
1519466.png,0
1519467.png,0
1519468.png,0
1519469.png,0
15194610.png,0
15194611.png,0
15194612.png,0
15194613.png,0
15194614.png,1
15194615.png,0
15194616.png,1
15194617.png,0
15194618.png,0
15194619.png,0
15194620.png,0
15194621.png,0
15194622.png,0
15194623.png,0
15194624.png,0
15194625.png,0
15194626.png,0
15194627.png,0
15194628.png,0
15194629.png,0
1520560.png,1
1520561.png,1
1520562.png,1
1520563.png,0
1520564.png,0
1520565.png,0
1520566.png,0
1520567.png,0
1520568.png,0
1520569.png,0
15205610.png,1
15205611.png,0
15205612.png,1
15205613.png,0
15205614.png,0
15205615.png,0
15205616.png,0
15205617.png,0
15205618.png,0
15205619.png,0
15205620.png,0
15205621.png,0
15205622.png,0
15205623.png,0
15205624.png,0
15205625.png,0
15205626.png,0
15205627.png,0
15205628.png,0
15205629.png,0
